{
  "config": {
    "games": 1000,
    "players": 3,
    "extended": false,
    "aiAssignment": "diverse",
    "seed": 42,
    "hasCustomConfig": false
  },
  "totalGames": 1000,
  "errors": 0,
  "aiWinRates": {
    "Controller": {
      "wins": 140,
      "games": 364,
      "winRate": 0.38461538461538464,
      "ci95": [
        0.33608797235043875,
        0.4355528643575356
      ]
    },
    "Celestial": {
      "wins": 136,
      "games": 372,
      "winRate": 0.3655913978494624,
      "ci95": [
        0.31825625873916097,
        0.41567420558410717
      ]
    },
    "Aggressor": {
      "wins": 84,
      "games": 396,
      "winRate": 0.21212121212121213,
      "ci95": [
        0.17472041521286427,
        0.2550537753666051
      ]
    },
    "Opportunist": {
      "wins": 202,
      "games": 365,
      "winRate": 0.5534246575342465,
      "ci95": [
        0.5021295783837825,
        0.6036068678305273
      ]
    },
    "Tactician": {
      "wins": 90,
      "games": 371,
      "winRate": 0.24258760107816713,
      "ci95": [
        0.20175129997391394,
        0.28870013337820066
      ]
    },
    "Collector": {
      "wins": 10,
      "games": 376,
      "winRate": 0.026595744680851064,
      "ci95": [
        0.014509041986035094,
        0.04825817466427388
      ]
    },
    "Scoring": {
      "wins": 192,
      "games": 376,
      "winRate": 0.5106382978723404,
      "ci95": [
        0.4602585526059911,
        0.5608028582557998
      ]
    },
    "Builder": {
      "wins": 146,
      "games": 380,
      "winRate": 0.38421052631578945,
      "ci95": [
        0.33669460900054143,
        0.43404415407255964
      ]
    }
  },
  "gameEndReasons": {
    "death_revealed": 782,
    "death_purchased": 151,
    "celestial_win": 60,
    "max_rounds": 7
  },
  "celestialWinRate": {
    "count": 60,
    "rate": 0.06
  },
  "averageGameLength": {
    "mean": 6.734,
    "median": 7,
    "min": 1,
    "max": 21,
    "stddev": 3.3408448033394174
  },
  "vpDistribution": {
    "all": {
      "mean": 16.64,
      "median": 13,
      "stddev": 16.08,
      "min": 0,
      "max": 222
    },
    "winners": {
      "mean": 26.05,
      "median": 23,
      "stddev": 19.76,
      "min": 3,
      "max": 222
    }
  },
  "firstPlayerAdvantage": {
    "position_0": {
      "wins": 315,
      "games": 1000,
      "winRate": 0.315
    },
    "position_1": {
      "wins": 350,
      "games": 1000,
      "winRate": 0.35
    },
    "position_2": {
      "wins": 335,
      "games": 1000,
      "winRate": 0.335
    }
  },
  "strategyEffectiveness": {
    "Controller": {
      "avgVp": 19.43,
      "totalGames": 364
    },
    "Celestial": {
      "avgVp": 12.56,
      "totalGames": 372
    },
    "Aggressor": {
      "avgVp": 9.25,
      "totalGames": 396
    },
    "Opportunist": {
      "avgVp": 28.66,
      "totalGames": 365
    },
    "Tactician": {
      "avgVp": 14.04,
      "totalGames": 371
    },
    "Collector": {
      "avgVp": 3.06,
      "totalGames": 376
    },
    "Scoring": {
      "avgVp": 28.52,
      "totalGames": 376
    },
    "Builder": {
      "avgVp": 18.32,
      "totalGames": 380
    }
  },
  "cardStats": {
    "0": {
      "name": "The Fool",
      "purchased": 297,
      "purchasedByWinner": 71,
      "toTome": 323,
      "toTomeByWinner": 56,
      "actionPlayed": 0,
      "wildPlayed": 109,
      "bonusScored": 134,
      "bonusFailed": 558,
      "bonusVpTotal": 141,
      "bonusScoredByWinner": 42,
      "gamesAppearing": 439,
      "bonusSuccessRate": 0.1936416184971098,
      "winnerAffinity": 0.23905723905723905,
      "avgBonusVp": 1.0522388059701493
    },
    "1": {
      "name": "The Magician",
      "purchased": 330,
      "purchasedByWinner": 84,
      "toTome": 325,
      "toTomeByWinner": 77,
      "actionPlayed": 0,
      "wildPlayed": 140,
      "bonusScored": 209,
      "bonusFailed": 520,
      "bonusVpTotal": 209,
      "bonusScoredByWinner": 91,
      "gamesAppearing": 465,
      "bonusSuccessRate": 0.28669410150891633,
      "winnerAffinity": 0.2545454545454545,
      "avgBonusVp": 1
    },
    "2": {
      "name": "The High Priestess (2)",
      "purchased": 315,
      "purchasedByWinner": 75,
      "toTome": 318,
      "toTomeByWinner": 54,
      "actionPlayed": 0,
      "wildPlayed": 114,
      "bonusScored": 244,
      "bonusFailed": 487,
      "bonusVpTotal": 244,
      "bonusScoredByWinner": 63,
      "gamesAppearing": 458,
      "bonusSuccessRate": 0.3337893296853625,
      "winnerAffinity": 0.23809523809523808,
      "avgBonusVp": 1
    },
    "3": {
      "name": "The Empress",
      "purchased": 313,
      "purchasedByWinner": 84,
      "toTome": 300,
      "toTomeByWinner": 59,
      "actionPlayed": 0,
      "wildPlayed": 125,
      "bonusScored": 190,
      "bonusFailed": 414,
      "bonusVpTotal": 190,
      "bonusScoredByWinner": 74,
      "gamesAppearing": 454,
      "bonusSuccessRate": 0.31456953642384106,
      "winnerAffinity": 0.268370607028754,
      "avgBonusVp": 1
    },
    "4": {
      "name": "The Emperor",
      "purchased": 351,
      "purchasedByWinner": 84,
      "toTome": 339,
      "toTomeByWinner": 51,
      "actionPlayed": 0,
      "wildPlayed": 124,
      "bonusScored": 208,
      "bonusFailed": 525,
      "bonusVpTotal": 208,
      "bonusScoredByWinner": 47,
      "gamesAppearing": 470,
      "bonusSuccessRate": 0.2837653478854025,
      "winnerAffinity": 0.23931623931623933,
      "avgBonusVp": 1
    },
    "5": {
      "name": "The Hierophant (5)",
      "purchased": 406,
      "purchasedByWinner": 79,
      "toTome": 382,
      "toTomeByWinner": 59,
      "actionPlayed": 0,
      "wildPlayed": 199,
      "bonusScored": 0,
      "bonusFailed": 0,
      "bonusVpTotal": 0,
      "bonusScoredByWinner": 0,
      "gamesAppearing": 545,
      "bonusSuccessRate": null,
      "winnerAffinity": 0.19458128078817735,
      "avgBonusVp": 0
    },
    "6": {
      "name": "The Lovers (6)",
      "purchased": 320,
      "purchasedByWinner": 82,
      "toTome": 320,
      "toTomeByWinner": 60,
      "actionPlayed": 0,
      "wildPlayed": 125,
      "bonusScored": 310,
      "bonusFailed": 417,
      "bonusVpTotal": 387,
      "bonusScoredByWinner": 108,
      "gamesAppearing": 445,
      "bonusSuccessRate": 0.4264099037138927,
      "winnerAffinity": 0.25625,
      "avgBonusVp": 1.2483870967741935
    },
    "7": {
      "name": "The Chariot",
      "purchased": 257,
      "purchasedByWinner": 95,
      "toTome": 0,
      "toTomeByWinner": 0,
      "actionPlayed": 354,
      "wildPlayed": 89,
      "bonusScored": 0,
      "bonusFailed": 0,
      "bonusVpTotal": 0,
      "bonusScoredByWinner": 0,
      "gamesAppearing": 360,
      "bonusSuccessRate": null,
      "winnerAffinity": 0.36964980544747084,
      "avgBonusVp": 0
    },
    "8": {
      "name": "Strength",
      "purchased": 258,
      "purchasedByWinner": 85,
      "toTome": 0,
      "toTomeByWinner": 0,
      "actionPlayed": 216,
      "wildPlayed": 80,
      "bonusScored": 0,
      "bonusFailed": 0,
      "bonusVpTotal": 0,
      "bonusScoredByWinner": 0,
      "gamesAppearing": 337,
      "bonusSuccessRate": null,
      "winnerAffinity": 0.32945736434108525,
      "avgBonusVp": 0
    },
    "9": {
      "name": "The Hermit",
      "purchased": 430,
      "purchasedByWinner": 97,
      "toTome": 350,
      "toTomeByWinner": 51,
      "actionPlayed": 0,
      "wildPlayed": 160,
      "bonusScored": 104,
      "bonusFailed": 0,
      "bonusVpTotal": 104,
      "bonusScoredByWinner": 41,
      "gamesAppearing": 550,
      "bonusSuccessRate": 1,
      "winnerAffinity": 0.2255813953488372,
      "avgBonusVp": 1
    },
    "10": {
      "name": "Wheel of Fortune (10)",
      "purchased": 401,
      "purchasedByWinner": 55,
      "toTome": 0,
      "toTomeByWinner": 0,
      "actionPlayed": 359,
      "wildPlayed": 116,
      "bonusScored": 0,
      "bonusFailed": 0,
      "bonusVpTotal": 0,
      "bonusScoredByWinner": 0,