{
  "config": {
    "games": 1000,
    "players": 4,
    "extended": false,
    "aiAssignment": "diverse",
    "seed": 42,
    "hasCustomConfig": false
  },
  "totalGames": 1000,
  "errors": 0,
  "aiWinRates": {
    "Scoring": {
      "wins": 199,
      "games": 506,
      "winRate": 0.3932806324110672,
      "ci95": [
        0.3516753901123799,
        0.43649411194472965
      ]
    },
    "Aggressor": {
      "wins": 63,
      "games": 526,
      "winRate": 0.11977186311787072,
      "ci95": [
        0.09474394886054598,
        0.1503134418766102
      ]
    },
    "Controller": {
      "wins": 155,
      "games": 478,
      "winRate": 0.32426778242677823,
      "ci95": [
        0.28384856436817074,
        0.3674891366522476
      ]
    },
    "Celestial": {
      "wins": 150,
      "games": 513,
      "winRate": 0.29239766081871343,
      "ci95": [
        0.25469478355025904,
        0.3331866872910973
      ]
    },
    "Opportunist": {
      "wins": 206,
      "games": 495,
      "winRate": 0.4161616161616162,
      "ci95": [
        0.3735458716413707,
        0.4600686464741995
      ]
    },
    "Builder": {
      "wins": 149,
      "games": 500,
      "winRate": 0.298,
      "ci95": [
        0.25957253815100145,
        0.3395078077354835
      ]
    },
    "Collector": {
      "wins": 6,
      "games": 504,
      "winRate": 0.011904761904761904,
      "ci95": [
        0.005467093224292336,
        0.025726885370608125
      ]
    },
    "Tactician": {
      "wins": 72,
      "games": 478,
      "winRate": 0.1506276150627615,
      "ci95": [
        0.1213540133475474,
        0.18547213034780807
      ]
    }
  },
  "gameEndReasons": {
    "death_purchased": 138,
    "death_revealed": 808,
    "celestial_win": 41,
    "max_rounds": 13
  },
  "celestialWinRate": {
    "count": 41,
    "rate": 0.041
  },
  "averageGameLength": {
    "mean": 6.312,
    "median": 6,
    "min": 1,
    "max": 21,
    "stddev": 3.115871627650916
  },
  "vpDistribution": {
    "all": {
      "mean": 13,
      "median": 10,
      "stddev": 13.83,
      "min": 0,
      "max": 176
    },
    "winners": {
      "mean": 23.05,
      "median": 20,
      "stddev": 16.68,
      "min": 4,
      "max": 176
    }
  },
  "firstPlayerAdvantage": {
    "position_0": {
      "wins": 234,
      "games": 1000,
      "winRate": 0.234
    },
    "position_1": {
      "wins": 242,
      "games": 1000,
      "winRate": 0.242
    },
    "position_2": {
      "wins": 257,
      "games": 1000,
      "winRate": 0.257
    },
    "position_3": {
      "wins": 267,
      "games": 1000,
      "winRate": 0.267
    }
  },
  "strategyEffectiveness": {
    "Scoring": {
      "avgVp": 20.48,
      "totalGames": 506
    },
    "Aggressor": {
      "avgVp": 7.03,
      "totalGames": 526
    },
    "Controller": {
      "avgVp": 16.14,
      "totalGames": 478
    },
    "Celestial": {
      "avgVp": 11.13,
      "totalGames": 513
    },
    "Opportunist": {
      "avgVp": 20.5,
      "totalGames": 495
    },
    "Builder": {
      "avgVp": 15.5,
      "totalGames": 500
    },
    "Collector": {
      "avgVp": 3.44,
      "totalGames": 504
    },
    "Tactician": {
      "avgVp": 10.24,
      "totalGames": 478
    }
  },
  "cardStats": {
    "0": {
      "name": "The Fool (0)",
      "purchased": 319,
      "purchasedByWinner": 63,
      "toTome": 376,
      "toTomeByWinner": 63,
      "actionPlayed": 0,
      "wildPlayed": 119,
      "bonusScored": 141,
      "bonusFailed": 769,
      "bonusVpTotal": 146,
      "bonusScoredByWinner": 28,
      "gamesAppearing": 488,
      "bonusSuccessRate": 0.15494505494505495,
      "winnerAffinity": 0.1974921630094044,
      "avgBonusVp": 1.0354609929078014
    },
    "1": {
      "name": "The Magician",
      "purchased": 324,
      "purchasedByWinner": 48,
      "toTome": 406,
      "toTomeByWinner": 59,
      "actionPlayed": 0,
      "wildPlayed": 133,
      "bonusScored": 233,
      "bonusFailed": 758,
      "bonusVpTotal": 233,
      "bonusScoredByWinner": 75,
      "gamesAppearing": 505,
      "bonusSuccessRate": 0.23511604439959638,
      "winnerAffinity": 0.14814814814814814,
      "avgBonusVp": 1
    },
    "2": {
      "name": "The High Priestess",
      "purchased": 312,
      "purchasedByWinner": 56,
      "toTome": 396,
      "toTomeByWinner": 67,
      "actionPlayed": 0,
      "wildPlayed": 176,
      "bonusScored": 272,
      "bonusFailed": 758,
      "bonusVpTotal": 272,
      "bonusScoredByWinner": 78,
      "gamesAppearing": 512,
      "bonusSuccessRate": 0.26407766990291265,
      "winnerAffinity": 0.1794871794871795,
      "avgBonusVp": 1
    },
    "3": {
      "name": "The Empress (3)",
      "purchased": 342,
      "purchasedByWinner": 62,
      "toTome": 390,
      "toTomeByWinner": 59,
      "actionPlayed": 0,
      "wildPlayed": 121,
      "bonusScored": 238,
      "bonusFailed": 684,
      "bonusVpTotal": 238,
      "bonusScoredByWinner": 63,
      "gamesAppearing": 493,
      "bonusSuccessRate": 0.25813449023861174,
      "winnerAffinity": 0.18128654970760233,
      "avgBonusVp": 1
    },
    "4": {
      "name": "The Emperor (4)",
      "purchased": 297,
      "purchasedByWinner": 57,
      "toTome": 382,
      "toTomeByWinner": 48,
      "actionPlayed": 0,
      "wildPlayed": 160,
      "bonusScored": 262,
      "bonusFailed": 707,
      "bonusVpTotal": 262,
      "bonusScoredByWinner": 51,
      "gamesAppearing": 498,
      "bonusSuccessRate": 0.27038183694530443,
      "winnerAffinity": 0.1919191919191919,
      "avgBonusVp": 1
    },
    "5": {
      "name": "The Hierophant (5)",
      "purchased": 409,
      "purchasedByWinner": 55,
      "toTome": 463,
      "toTomeByWinner": 60,
      "actionPlayed": 0,
      "wildPlayed": 217,
      "bonusScored": 0,
      "bonusFailed": 0,
      "bonusVpTotal": 0,
      "bonusScoredByWinner": 0,
      "gamesAppearing": 604,
      "bonusSuccessRate": null,
      "winnerAffinity": 0.13447432762836187,
      "avgBonusVp": 0
    },
    "6": {
      "name": "The Lovers",
      "purchased": 300,
      "purchasedByWinner": 53,
      "toTome": 347,
      "toTomeByWinner": 56,
      "actionPlayed": 0,
      "wildPlayed": 121,
      "bonusScored": 319,
      "bonusFailed": 515,
      "bonusVpTotal": 392,
      "bonusScoredByWinner": 94,
      "gamesAppearing": 465,
      "bonusSuccessRate": 0.3824940047961631,
      "winnerAffinity": 0.17666666666666667,
      "avgBonusVp": 1.2288401253918495
    },
    "7": {
      "name": "The Chariot",
      "purchased": 250,
      "purchasedByWinner": 58,
      "toTome": 0,
      "toTomeByWinner": 0,
      "actionPlayed": 462,
      "wildPlayed": 93,
      "bonusScored": 0,
      "bonusFailed": 0,
      "bonusVpTotal": 0,
      "bonusScoredByWinner": 0,
      "gamesAppearing": 382,
      "bonusSuccessRate": null,
      "winnerAffinity": 0.232,
      "avgBonusVp": 0
    },
    "8": {
      "name": "Strength",
      "purchased": 223,
      "purchasedByWinner": 44,
      "toTome": 0,
      "toTomeByWinner": 0,
      "actionPlayed": 218,
      "wildPlayed": 57,
      "bonusScored": 0,
      "bonusFailed": 0,
      "bonusVpTotal": 0,
      "bonusScoredByWinner": 0,
      "gamesAppearing": 314,
      "bonusSuccessRate": null,
      "winnerAffinity": 0.19730941704035873,
      "avgBonusVp": 0
    },
    "9": {
      "name": "The Hermit",
      "purchased": 438,
      "purchasedByWinner": 51,
      "toTome": 419,
      "toTomeByWinner": 40,
      "actionPlayed": 0,
      "wildPlayed": 213,
      "bonusScored": 91,
      "bonusFailed": 0,
      "bonusVpTotal": 91,
      "bonusScoredByWinner": 30,
      "gamesAppearing": 601,
      "bonusSuccessRate": 1,
      "winnerAffinity": 0.11643835616438356,
      "avgBonusVp": 1
    },
    "10": {
      "name": "Wheel of Fortune (10)",
      "purchased": 465,
      "purchasedByWinner": 55,
      "toTome": 0,
      "toTomeByWinner": 0,
      "actionPlayed": 432,
      "wildPlayed": 145,
      "bonusScored": 0,