{
  "config": {
    "games": 1000,
    "players": 4,
    "extended": false,
    "aiAssignment": "diverse"
  },
  "totalGames": 1000,
  "errors": 0,
  "aiWinRates": {
    "Celestial": {
      "wins": 190,
      "games": 799,
      "winRate": 0.23779724655819776,
      "ci95": [
        0.2095755466652115,
        0.2685282287246039
      ]
    },
    "Aggressor": {
      "wins": 53,
      "games": 780,
      "winRate": 0.06794871794871794,
      "ci95": [
        0.05232157227876122,
        0.08781082181718877
      ]
    },
    "Opportunist": {
      "wins": 305,
      "games": 811,
      "winRate": 0.376078914919852,
      "ci95": [
        0.34339789557036543,
        0.40992839508538886
      ]
    },
    "Controller": {
      "wins": 232,
      "games": 796,
      "winRate": 0.2914572864321608,
      "ci95": [
        0.2609492203079368,
        0.323968593419181
      ]
    },
    "Builder": {
      "wins": 220,
      "games": 814,
      "winRate": 0.2702702702702703,
      "ci95": [
        0.24089325856861668,
        0.301805474291145
      ]
    }
  },
  "gameEndReasons": {
    "death_revealed": 705,
    "death_purchased": 209,
    "celestial_win": 86
  },
  "celestialWinRate": {
    "count": 86,
    "rate": 0.086
  },
  "averageGameLength": {
    "mean": 6.576,
    "median": 7,
    "min": 1,
    "max": 14,
    "stddev": 2.4507598821589975
  },
  "vpDistribution": {
    "all": {
      "mean": 13.02,
      "median": 11,
      "stddev": 10.47,
      "min": 0,
      "max": 75
    },
    "winners": {
      "mean": 22.04,
      "median": 21,
      "stddev": 11.91,
      "min": 3,
      "max": 75
    }
  },
  "firstPlayerAdvantage": {
    "position_0": {
      "wins": 209,
      "games": 1000,
      "winRate": 0.209
    },
    "position_1": {
      "wins": 278,
      "games": 1000,
      "winRate": 0.278
    },
    "position_2": {
      "wins": 260,
      "games": 1000,
      "winRate": 0.26
    },
    "position_3": {
      "wins": 253,
      "games": 1000,
      "winRate": 0.253
    }
  },
  "strategyEffectiveness": {
    "Celestial": {
      "avgVp": 9.66,
      "totalGames": 799
    },
    "Aggressor": {
      "avgVp": 6.76,
      "totalGames": 780
    },
    "Opportunist": {
      "avgVp": 19,
      "totalGames": 811
    },
    "Controller": {
      "avgVp": 15.1,
      "totalGames": 796
    },
    "Builder": {
      "avgVp": 14.31,
      "totalGames": 814
    }
  },
  "cardStats": {
    "0": {
      "name": "The Fool",
      "purchased": 286,
      "purchasedByWinner": 60,
      "toTome": 284,
      "toTomeByWinner": 59,
      "actionPlayed": 0,
      "wildPlayed": 104,
      "bonusScored": 134,
      "bonusFailed": 795,
      "bonusVpTotal": 143,
      "bonusScoredByWinner": 30,
      "gamesAppearing": 461,
      "bonusSuccessRate": 0.1442411194833154,
      "winnerAffinity": 0.2097902097902098,
      "avgBonusVp": 1.0671641791044777
    },
    "1": {
      "name": "The Magician (1)",
      "purchased": 269,
      "purchasedByWinner": 58,
      "toTome": 299,
      "toTomeByWinner": 76,
      "actionPlayed": 0,
      "wildPlayed": 115,
      "bonusScored": 285,
      "bonusFailed": 626,
      "bonusVpTotal": 285,
      "bonusScoredByWinner": 102,
      "gamesAppearing": 456,
      "bonusSuccessRate": 0.31284302963776073,
      "winnerAffinity": 0.21561338289962825,
      "avgBonusVp": 1
    },
    "2": {
      "name": "The High Priestess (2)",
      "purchased": 284,
      "purchasedByWinner": 59,
      "toTome": 302,
      "toTomeByWinner": 70,
      "actionPlayed": 0,
      "wildPlayed": 117,
      "bonusScored": 268,
      "bonusFailed": 591,
      "bonusVpTotal": 268,
      "bonusScoredByWinner": 78,
      "gamesAppearing": 462,
      "bonusSuccessRate": 0.3119906868451688,
      "winnerAffinity": 0.20774647887323944,
      "avgBonusVp": 1
    },
    "3": {
      "name": "The Empress",
      "purchased": 314,
      "purchasedByWinner": 68,
      "toTome": 293,
      "toTomeByWinner": 78,
      "actionPlayed": 0,
      "wildPlayed": 101,
      "bonusScored": 272,
      "bonusFailed": 608,
      "bonusVpTotal": 272,
      "bonusScoredByWinner": 84,
      "gamesAppearing": 466,
      "bonusSuccessRate": 0.3090909090909091,
      "winnerAffinity": 0.21656050955414013,
      "avgBonusVp": 1
    },
    "4": {
      "name": "The Emperor",
      "purchased": 304,
      "purchasedByWinner": 66,
      "toTome": 347,
      "toTomeByWinner": 84,
      "actionPlayed": 0,
      "wildPlayed": 122,
      "bonusScored": 328,
      "bonusFailed": 656,
      "bonusVpTotal": 328,
      "bonusScoredByWinner": 89,
      "gamesAppearing": 490,
      "bonusSuccessRate": 0.3333333333333333,
      "winnerAffinity": 0.21710526315789475,
      "avgBonusVp": 1
    },
    "5": {
      "name": "The Hierophant",
      "purchased": 318,
      "purchasedByWinner": 65,
      "toTome": 294,
      "toTomeByWinner": 64,
      "actionPlayed": 0,
      "wildPlayed": 124,
      "bonusScored": 0,
      "bonusFailed": 0,
      "bonusVpTotal": 0,
      "bonusScoredByWinner": 0,
      "gamesAppearing": 468,
      "bonusSuccessRate": null,
      "winnerAffinity": 0.20440251572327045,
      "avgBonusVp": 0
    },
    "6": {
      "name": "The Lovers",
      "purchased": 308,
      "purchasedByWinner": 54,
      "toTome": 286,
      "toTomeByWinner": 74,
      "actionPlayed": 0,
      "wildPlayed": 106,
      "bonusScored": 411,
      "bonusFailed": 430,
      "bonusVpTotal": 514,
      "bonusScoredByWinner": 138,
      "gamesAppearing": 458,
      "bonusSuccessRate": 0.4887039239001189,
      "winnerAffinity": 0.17532467532467533,
      "avgBonusVp": 1.2506082725060828
    },
    "7": {
      "name": "The Chariot (7)",
      "purchased": 267,
      "purchasedByWinner": 46,
      "toTome": 0,
      "toTomeByWinner": 0,
      "actionPlayed": 577,
      "wildPlayed": 60,
      "bonusScored": 0,
      "bonusFailed": 0,
      "bonusVpTotal": 0,
      "bonusScoredByWinner": 0,
      "gamesAppearing": 425,
      "bonusSuccessRate": null,
      "winnerAffinity": 0.17228464419475656,
      "avgBonusVp": 0
    },
    "8": {
      "name": "Strength (8)",
      "purchased": 302,
      "purchasedByWinner": 50,
      "toTome": 0,
      "toTomeByWinner": 0,
      "actionPlayed": 209,
      "wildPlayed": 43,
      "bonusScored": 0,
      "bonusFailed": 0,
      "bonusVpTotal": 0,
      "bonusScoredByWinner": 0,
      "gamesAppearing": 374,
      "bonusSuccessRate": null,
      "winnerAffinity": 0.16556291390728478,
      "avgBonusVp": 0
    },
    "9": {
      "name": "The Hermit (9)",
      "purchased": 328,
      "purchasedByWinner": 70,
      "toTome": 265,
      "toTomeByWinner": 55,
      "actionPlayed": 0,
      "wildPlayed": 144,
      "bonusScored": 160,
      "bonusFailed": 0,
      "bonusVpTotal": 160,
      "bonusScoredByWinner": 55,
      "gamesAppearing": 463,
      "bonusSuccessRate": 1,
      "winnerAffinity": 0.21341463414634146,
      "avgBonusVp": 1
    },
    "10": {
      "name": "Wheel of Fortune",
      "purchased": 289,
      "purchasedByWinner": 49,
      "toTome": 0,
      "toTomeByWinner": 0,
      "actionPlayed": 0,
      "wildPlayed": 55,
      "bonusScored": 0,
      "bonusFailed": 0,
      "bonusVpTotal": 0,
      "bonusScoredByWinner": 0,
      "gamesAppearing": 318,
      "bonusSuccessRate": null,
      "winnerAffinity": 0.1695501730103806,
      "avgBonusVp": 0
    },
    "11": {
      "name": "Justice",
      "purchased": 275,
      "purchasedByWinner": 53,
      "toTome": 275,
      "toTomeByWinner": 67,
      "actionPlayed": 0,
      "wildPlayed": 104,
      "bonusScored": 282,
      "bonusFailed": 566,
      "bonusVpTotal": 282,
      "bonusScoredByWinner": 91,
      "gamesAppearing": 428,
      "bonusSuccessRate": 0.33254716981132076,
      "winnerAffinity": 0.19272727272727272,
      "avgBonusVp": 1
    },
    "12": {
      "name": "The Hanged Man (12)",
      "purchased": 275,
      "purchasedByWinner": 46,
      "toTome": 0,
      "toTomeByWinner": 0,