{
  "config": {
    "games": 1000,
    "players": 5,
    "extended": false,
    "aiAssignment": "diverse",
    "seed": 1,
    "hasCustomConfig": false
  },
  "totalGames": 1000,
  "errors": 0,
  "aiWinRates": {
    "Controller": {
      "wins": 118,
      "games": 592,
      "winRate": 0.19932432432432431,
      "ci95": [
        0.16912696426557572,
        0.2333988076845533
      ]
    },
    "Aggressor": {
      "wins": 64,
      "games": 646,
      "winRate": 0.09907120743034056,
      "ci95": [
        0.07834883936763612,
        0.12453383234805585
      ]
    },
    "Celestial": {
      "wins": 120,
      "games": 643,
      "winRate": 0.18662519440124417,
      "ci95": [
        0.1584033880647638,
        0.21856927417588365
      ]
    },
    "Builder": {
      "wins": 141,
      "games": 638,
      "winRate": 0.22100313479623823,
      "ci95": [
        0.19052929498665067,
        0.2548167218499021
      ]
    },
    "Scoring": {
      "wins": 236,
      "games": 631,
      "winRate": 0.37400950871632327,
      "ci95": [
        0.3371242814169344,
        0.4124195417981794
      ]
    },
    "Tactician": {
      "wins": 85,
      "games": 607,
      "winRate": 0.1400329489291598,
      "ci95": [
        0.11468387529819628,
        0.16990970837390465
      ]
    },
    "Collector": {
      "wins": 0,
      "games": 615,
      "winRate": 0,
      "ci95": [
        0,
        0.006207727470163609
      ]
    },
    "Opportunist": {
      "wins": 236,
      "games": 628,
      "winRate": 0.37579617834394907,
      "ci95": [
        0.3387786265539974,
        0.41432404981299076
      ]
    }
  },
  "gameEndReasons": {
    "death_revealed": 803,
    "death_purchased": 166,
    "max_rounds": 17,
    "celestial_win": 14
  },
  "celestialWinRate": {
    "count": 14,
    "rate": 0.014
  },
  "averageGameLength": {
    "mean": 4.731,
    "median": 4,
    "min": 1,
    "max": 21,
    "stddev": 2.6952994267798838
  },
  "vpDistribution": {
    "all": {
      "mean": 8.25,
      "median": 6,
      "stddev": 11.37,
      "min": 0,
      "max": 174
    },
    "winners": {
      "mean": 18.05,
      "median": 15,
      "stddev": 15.37,
      "min": 5,
      "max": 174
    }
  },
  "firstPlayerAdvantage": {
    "position_0": {
      "wins": 187,
      "games": 1000,
      "winRate": 0.187
    },
    "position_1": {
      "wins": 226,
      "games": 1000,
      "winRate": 0.226
    },
    "position_2": {
      "wins": 192,
      "games": 1000,
      "winRate": 0.192
    },
    "position_3": {
      "wins": 190,
      "games": 1000,
      "winRate": 0.19
    },
    "position_4": {
      "wins": 205,
      "games": 1000,
      "winRate": 0.205
    }
  },
  "strategyEffectiveness": {
    "Controller": {
      "avgVp": 8.32,
      "totalGames": 592
    },
    "Aggressor": {
      "avgVp": 4.97,
      "totalGames": 646
    },
    "Celestial": {
      "avgVp": 6.83,
      "totalGames": 643
    },
    "Builder": {
      "avgVp": 8.79,
      "totalGames": 638
    },
    "Scoring": {
      "avgVp": 13.76,
      "totalGames": 631
    },
    "Tactician": {
      "avgVp": 6.69,
      "totalGames": 607
    },
    "Collector": {
      "avgVp": 2.77,
      "totalGames": 615
    },
    "Opportunist": {
      "avgVp": 13.82,
      "totalGames": 628
    }
  },
  "cardStats": {
    "0": {
      "name": "The Fool",
      "purchased": 361,
      "purchasedByWinner": 39,
      "toTome": 400,
      "toTomeByWinner": 37,
      "actionPlayed": 0,
      "wildPlayed": 172,
      "bonusScored": 151,
      "bonusFailed": 700,
      "bonusVpTotal": 157,
      "bonusScoredByWinner": 14,
      "gamesAppearing": 581,
      "bonusSuccessRate": 0.17743830787309048,
      "winnerAffinity": 0.10803324099722991,
      "avgBonusVp": 1.0397350993377483
    },
    "1": {
      "name": "The Magician",
      "purchased": 362,
      "purchasedByWinner": 39,
      "toTome": 421,
      "toTomeByWinner": 32,
      "actionPlayed": 0,
      "wildPlayed": 187,
      "bonusScored": 182,
      "bonusFailed": 702,
      "bonusVpTotal": 182,
      "bonusScoredByWinner": 21,
      "gamesAppearing": 589,
      "bonusSuccessRate": 0.20588235294117646,
      "winnerAffinity": 0.10773480662983426,
      "avgBonusVp": 1
    },
    "2": {
      "name": "The High Priestess",
      "purchased": 349,
      "purchasedByWinner": 43,
      "toTome": 399,
      "toTomeByWinner": 36,
      "actionPlayed": 0,
      "wildPlayed": 189,
      "bonusScored": 206,
      "bonusFailed": 712,
      "bonusVpTotal": 206,
      "bonusScoredByWinner": 32,
      "gamesAppearing": 580,
      "bonusSuccessRate": 0.22440087145969498,
      "winnerAffinity": 0.12320916905444126,
      "avgBonusVp": 1
    },
    "3": {
      "name": "The Empress",
      "purchased": 398,
      "purchasedByWinner": 50,
      "toTome": 365,
      "toTomeByWinner": 38,
      "actionPlayed": 0,
      "wildPlayed": 165,
      "bonusScored": 207,
      "bonusFailed": 629,
      "bonusVpTotal": 207,
      "bonusScoredByWinner": 35,
      "gamesAppearing": 591,
      "bonusSuccessRate": 0.24760765550239233,
      "winnerAffinity": 0.12562814070351758,
      "avgBonusVp": 1
    },
    "4": {
      "name": "The Emperor",
      "purchased": 378,
      "purchasedByWinner": 39,
      "toTome": 389,
      "toTomeByWinner": 33,
      "actionPlayed": 0,
      "wildPlayed": 176,
      "bonusScored": 241,
      "bonusFailed": 620,
      "bonusVpTotal": 241,
      "bonusScoredByWinner": 37,
      "gamesAppearing": 594,
      "bonusSuccessRate": 0.27990708478513354,
      "winnerAffinity": 0.10317460317460317,
      "avgBonusVp": 1
    },
    "5": {
      "name": "The Hierophant",
      "purchased": 479,
      "purchasedByWinner": 39,
      "toTome": 467,
      "toTomeByWinner": 31,
      "actionPlayed": 0,
      "wildPlayed": 215,
      "bonusScored": 0,
      "bonusFailed": 0,
      "bonusVpTotal": 0,
      "bonusScoredByWinner": 0,
      "gamesAppearing": 706,
      "bonusSuccessRate": null,
      "winnerAffinity": 0.081419624217119,
      "avgBonusVp": 0
    },
    "6": {
      "name": "The Lovers",
      "purchased": 388,
      "purchasedByWinner": 46,
      "toTome": 432,
      "toTomeByWinner": 43,
      "actionPlayed": 0,
      "wildPlayed": 187,
      "bonusScored": 390,
      "bonusFailed": 554,
      "bonusVpTotal": 481,
      "bonusScoredByWinner": 67,
      "gamesAppearing": 618,
      "bonusSuccessRate": 0.413135593220339,
      "winnerAffinity": 0.11855670103092783,
      "avgBonusVp": 1.2333333333333334
    },
    "7": {
      "name": "The Chariot (7)",
      "purchased": 311,
      "purchasedByWinner": 45,
      "toTome": 0,
      "toTomeByWinner": 0,
      "actionPlayed": 452,
      "wildPlayed": 131,
      "bonusScored": 0,
      "bonusFailed": 0,
      "bonusVpTotal": 0,
      "bonusScoredByWinner": 0,
      "gamesAppearing": 478,
      "bonusSuccessRate": null,
      "winnerAffinity": 0.14469453376205788,
      "avgBonusVp": 0
    },
    "8": {
      "name": "Strength",
      "purchased": 297,
      "purchasedByWinner": 44,
      "toTome": 0,
      "toTomeByWinner": 0,
      "actionPlayed": 255,
      "wildPlayed": 134,
      "bonusScored": 0,
      "bonusFailed": 0,
      "bonusVpTotal": 0,
      "bonusScoredByWinner": 0,
      "gamesAppearing": 413,
      "bonusSuccessRate": null,
      "winnerAffinity": 0.14814814814814814,
      "avgBonusVp": 0
    },
    "9": {
      "name": "The Hermit",
      "purchased": 485,
      "purchasedByWinner": 64,
      "toTome": 426,
      "toTomeByWinner": 31,
      "actionPlayed": 0,
      "wildPlayed": 251,
      "bonusScored": 130,
      "bonusFailed": 0,
      "bonusVpTotal": 130,
      "bonusScoredByWinner": 32,
      "gamesAppearing": 707,
      "bonusSuccessRate": 1,
      "winnerAffinity": 0.13195876288659794,
      "avgBonusVp": 1
    },
    "10": {
      "name": "Wheel of Fortune (10)",
      "purchased": 531,
      "purchasedByWinner": 26,
      "toTome": 0,
      "toTomeByWinner": 0,