{
  "config": {
    "games": 1000,
    "players": 3,
    "extended": false,
    "aiAssignment": "diverse",
    "seed": 1,
    "hasCustomConfig": false
  },
  "totalGames": 1000,
  "errors": 0,
  "aiWinRates": {
    "Scoring": {
      "wins": 236,
      "games": 380,
      "winRate": 0.6210526315789474,
      "ci95": [
        0.571293365561316,
        0.6683888366804421
      ]
    },
    "Controller": {
      "wins": 116,
      "games": 365,
      "winRate": 0.3178082191780822,
      "ci95": [
        0.2721484234672591,
        0.3672631830326585
      ]
    },
    "Builder": {
      "wins": 106,
      "games": 382,
      "winRate": 0.2774869109947644,
      "ci95": [
        0.23496925126763205,
        0.32443543708116196
      ]
    },
    "Tactician": {
      "wins": 87,
      "games": 366,
      "winRate": 0.23770491803278687,
      "ci95": [
        0.19696002722505027,
        0.2838988053129876
      ]
    },
    "Aggressor": {
      "wins": 103,
      "games": 397,
      "winRate": 0.2594458438287154,
      "ci95": [
        0.21877811170728756,
        0.3047244389261796
      ]
    },
    "Celestial": {
      "wins": 125,
      "games": 371,
      "winRate": 0.33692722371967654,
      "ci95": [
        0.2907194356425905,
        0.3864775456956602
      ]
    },
    "Opportunist": {
      "wins": 217,
      "games": 370,
      "winRate": 0.5864864864864865,
      "ci95": [
        0.535668513719156,
        0.6355269872630781
      ]
    },
    "Collector": {
      "wins": 10,
      "games": 369,
      "winRate": 0.02710027100271003,
      "ci95": [
        0.014785500941482801,
        0.0491601531915324
      ]
    }
  },
  "gameEndReasons": {
    "death_revealed": 771,
    "death_purchased": 172,
    "celestial_win": 50,
    "max_rounds": 7
  },
  "celestialWinRate": {
    "count": 50,
    "rate": 0.05
  },
  "averageGameLength": {
    "mean": 5.916,
    "median": 6,
    "min": 1,
    "max": 21,
    "stddev": 3.0081462730392587
  },
  "vpDistribution": {
    "all": {
      "mean": 13.81,
      "median": 10,
      "stddev": 14.51,
      "min": 0,
      "max": 214
    },
    "winners": {
      "mean": 22.76,
      "median": 19,
      "stddev": 17.59,
      "min": 3,
      "max": 214
    }
  },
  "firstPlayerAdvantage": {
    "position_0": {
      "wins": 335,
      "games": 1000,
      "winRate": 0.335
    },
    "position_1": {
      "wins": 317,
      "games": 1000,
      "winRate": 0.317
    },
    "position_2": {
      "wins": 348,
      "games": 1000,
      "winRate": 0.348
    }
  },
  "strategyEffectiveness": {
    "Scoring": {
      "avgVp": 26.66,
      "totalGames": 380
    },
    "Controller": {
      "avgVp": 14.88,
      "totalGames": 365
    },
    "Builder": {
      "avgVp": 11.52,
      "totalGames": 382
    },
    "Tactician": {
      "avgVp": 11.93,
      "totalGames": 366
    },
    "Aggressor": {
      "avgVp": 8.07,
      "totalGames": 397
    },
    "Celestial": {
      "avgVp": 9.5,
      "totalGames": 371
    },
    "Opportunist": {
      "avgVp": 24.57,
      "totalGames": 370
    },
    "Collector": {
      "avgVp": 3.44,
      "totalGames": 369
    }
  },
  "cardStats": {
    "0": {
      "name": "The Fool",
      "purchased": 393,
      "purchasedByWinner": 87,
      "toTome": 306,
      "toTomeByWinner": 43,
      "actionPlayed": 0,
      "wildPlayed": 163,
      "bonusScored": 134,
      "bonusFailed": 548,
      "bonusVpTotal": 141,
      "bonusScoredByWinner": 29,
      "gamesAppearing": 535,
      "bonusSuccessRate": 0.19648093841642228,
      "winnerAffinity": 0.22137404580152673,
      "avgBonusVp": 1.0522388059701493
    },
    "1": {
      "name": "The Magician",
      "purchased": 398,
      "purchasedByWinner": 88,
      "toTome": 290,
      "toTomeByWinner": 46,
      "actionPlayed": 0,
      "wildPlayed": 158,
      "bonusScored": 177,
      "bonusFailed": 498,
      "bonusVpTotal": 177,
      "bonusScoredByWinner": 53,
      "gamesAppearing": 520,
      "bonusSuccessRate": 0.26222222222222225,
      "winnerAffinity": 0.22110552763819097,
      "avgBonusVp": 1
    },
    "2": {
      "name": "The High Priestess (2)",
      "purchased": 368,
      "purchasedByWinner": 87,
      "toTome": 297,
      "toTomeByWinner": 51,
      "actionPlayed": 0,
      "wildPlayed": 130,
      "bonusScored": 229,
      "bonusFailed": 422,
      "bonusVpTotal": 229,
      "bonusScoredByWinner": 70,
      "gamesAppearing": 499,
      "bonusSuccessRate": 0.35176651305683565,
      "winnerAffinity": 0.23641304347826086,
      "avgBonusVp": 1
    },
    "3": {
      "name": "The Empress (3)",
      "purchased": 384,
      "purchasedByWinner": 91,
      "toTome": 296,
      "toTomeByWinner": 53,
      "actionPlayed": 0,
      "wildPlayed": 174,
      "bonusScored": 208,
      "bonusFailed": 401,
      "bonusVpTotal": 208,
      "bonusScoredByWinner": 51,
      "gamesAppearing": 512,
      "bonusSuccessRate": 0.3415435139573071,
      "winnerAffinity": 0.23697916666666666,
      "avgBonusVp": 1
    },
    "4": {
      "name": "The Emperor",
      "purchased": 391,
      "purchasedByWinner": 99,
      "toTome": 318,
      "toTomeByWinner": 59,
      "actionPlayed": 0,
      "wildPlayed": 133,
      "bonusScored": 191,
      "bonusFailed": 483,
      "bonusVpTotal": 191,
      "bonusScoredByWinner": 56,
      "gamesAppearing": 522,
      "bonusSuccessRate": 0.28338278931750743,
      "winnerAffinity": 0.2531969309462916,
      "avgBonusVp": 1
    },
    "5": {
      "name": "The Hierophant",
      "purchased": 473,
      "purchasedByWinner": 94,
      "toTome": 356,
      "toTomeByWinner": 53,
      "actionPlayed": 0,
      "wildPlayed": 233,
      "bonusScored": 0,
      "bonusFailed": 0,
      "bonusVpTotal": 0,
      "bonusScoredByWinner": 0,
      "gamesAppearing": 600,
      "bonusSuccessRate": null,
      "winnerAffinity": 0.19873150105708245,
      "avgBonusVp": 0
    },
    "6": {
      "name": "The Lovers",
      "purchased": 399,
      "purchasedByWinner": 95,
      "toTome": 307,
      "toTomeByWinner": 70,
      "actionPlayed": 0,
      "wildPlayed": 149,
      "bonusScored": 297,
      "bonusFailed": 302,
      "bonusVpTotal": 393,
      "bonusScoredByWinner": 123,
      "gamesAppearing": 509,
      "bonusSuccessRate": 0.4958263772954925,
      "winnerAffinity": 0.23809523809523808,
      "avgBonusVp": 1.3232323232323233
    },
    "7": {
      "name": "The Chariot",
      "purchased": 333,
      "purchasedByWinner": 99,
      "toTome": 0,
      "toTomeByWinner": 0,
      "actionPlayed": 361,
      "wildPlayed": 99,
      "bonusScored": 0,
      "bonusFailed": 0,
      "bonusVpTotal": 0,
      "bonusScoredByWinner": 0,
      "gamesAppearing": 427,
      "bonusSuccessRate": null,
      "winnerAffinity": 0.2972972972972973,
      "avgBonusVp": 0
    },
    "8": {
      "name": "Strength",
      "purchased": 290,
      "purchasedByWinner": 85,
      "toTome": 0,
      "toTomeByWinner": 0,
      "actionPlayed": 200,
      "wildPlayed": 85,
      "bonusScored": 0,
      "bonusFailed": 0,
      "bonusVpTotal": 0,
      "bonusScoredByWinner": 0,
      "gamesAppearing": 364,
      "bonusSuccessRate": null,
      "winnerAffinity": 0.29310344827586204,
      "avgBonusVp": 0
    },
    "9": {
      "name": "The Hermit (9)",
      "purchased": 518,
      "purchasedByWinner": 108,
      "toTome": 313,
      "toTomeByWinner": 34,
      "actionPlayed": 0,
      "wildPlayed": 192,
      "bonusScored": 115,
      "bonusFailed": 0,
      "bonusVpTotal": 115,
      "bonusScoredByWinner": 22,
      "gamesAppearing": 621,
      "bonusSuccessRate": 1,
      "winnerAffinity": 0.2084942084942085,
      "avgBonusVp": 1
    },
    "10": {
      "name": "Wheel of Fortune (10)",
      "purchased": 459,
      "purchasedByWinner": 73,
      "toTome": 0,
      "toTomeByWinner": 0,
      "actionPlayed": 299,
      "wildPlayed": 134,
      "bonusScored": 0,
      "bonusFailed": 0,
      "bonusVpTotal": 0,
      "bonusScoredByWinner": 0,