{
  "config": {
    "games": 1000,
    "players": 4,
    "extended": false,
    "aiAssignment": "diverse",
    "seed": 1,
    "hasCustomConfig": false
  },
  "totalGames": 1000,
  "errors": 0,
  "aiWinRates": {
    "Controller": {
      "wins": 126,
      "games": 475,
      "winRate": 0.26526315789473687,
      "ci95": [
        0.22755902558378482,
        0.3067337342766785
      ]
    },
    "Aggressor": {
      "wins": 69,
      "games": 525,
      "winRate": 0.13142857142857142,
      "ci95": [
        0.10518516242171552,
        0.1630267180354951
      ]
    },
    "Builder": {
      "wins": 119,
      "games": 501,
      "winRate": 0.2375249500998004,
      "ci95": [
        0.20234532147551912,
        0.2766991946657814
      ]
    },
    "Scoring": {
      "wins": 229,
      "games": 512,
      "winRate": 0.447265625,
      "ci95": [
        0.40474849286183395,
        0.49056820900943815
      ]
    },
    "Tactician": {
      "wins": 95,
      "games": 478,
      "winRate": 0.19874476987447698,
      "ci95": [
        0.16543398708098178,
        0.23685921466830678
      ]
    },
    "Collector": {
      "wins": 6,
      "games": 495,
      "winRate": 0.012121212121212121,
      "ci95": [
        0.005566701533914387,
        0.026190072560307108
      ]
    },
    "Opportunist": {
      "wins": 233,
      "games": 501,
      "winRate": 0.46506986027944114,
      "ci95": [
        0.4218251451328579,
        0.5088461783079996
      ]
    },
    "Celestial": {
      "wins": 123,
      "games": 513,
      "winRate": 0.23976608187134502,
      "ci95": [
        0.20484134873210114,
        0.27855936823804983
      ]
    }
  },
  "gameEndReasons": {
    "death_revealed": 797,
    "death_purchased": 159,
    "celestial_win": 34,
    "max_rounds": 10
  },
  "celestialWinRate": {
    "count": 34,
    "rate": 0.034
  },
  "averageGameLength": {
    "mean": 5.21,
    "median": 5,
    "min": 1,
    "max": 21,
    "stddev": 2.598826658321025
  },
  "vpDistribution": {
    "all": {
      "mean": 10.03,
      "median": 7,
      "stddev": 11.78,
      "min": 0,
      "max": 186
    },
    "winners": {
      "mean": 19.41,
      "median": 17,
      "stddev": 15.38,
      "min": 4,
      "max": 186
    }
  },
  "firstPlayerAdvantage": {
    "position_0": {
      "wins": 239,
      "games": 1000,
      "winRate": 0.239
    },
    "position_1": {
      "wins": 253,
      "games": 1000,
      "winRate": 0.253
    },
    "position_2": {
      "wins": 244,
      "games": 1000,
      "winRate": 0.244
    },
    "position_3": {
      "wins": 264,
      "games": 1000,
      "winRate": 0.264
    }
  },
  "strategyEffectiveness": {
    "Controller": {
      "avgVp": 11.11,
      "totalGames": 475
    },
    "Aggressor": {
      "avgVp": 5.83,
      "totalGames": 525
    },
    "Builder": {
      "avgVp": 9.3,
      "totalGames": 501
    },
    "Scoring": {
      "avgVp": 17.46,
      "totalGames": 512
    },
    "Tactician": {
      "avgVp": 8.49,
      "totalGames": 478
    },
    "Collector": {
      "avgVp": 2.66,
      "totalGames": 495
    },
    "Opportunist": {
      "avgVp": 17.17,
      "totalGames": 501
    },
    "Celestial": {
      "avgVp": 8.18,
      "totalGames": 513
    }
  },
  "cardStats": {
    "0": {
      "name": "The Fool",
      "purchased": 364,
      "purchasedByWinner": 52,
      "toTome": 324,
      "toTomeByWinner": 50,
      "actionPlayed": 0,
      "wildPlayed": 142,
      "bonusScored": 110,
      "bonusFailed": 558,
      "bonusVpTotal": 116,
      "bonusScoredByWinner": 24,
      "gamesAppearing": 524,
      "bonusSuccessRate": 0.16467065868263472,
      "winnerAffinity": 0.14285714285714285,
      "avgBonusVp": 1.0545454545454545
    },
    "1": {
      "name": "The Magician (1)",
      "purchased": 397,
      "purchasedByWinner": 73,
      "toTome": 374,
      "toTomeByWinner": 46,
      "actionPlayed": 0,
      "wildPlayed": 144,
      "bonusScored": 164,
      "bonusFailed": 620,
      "bonusVpTotal": 164,
      "bonusScoredByWinner": 29,
      "gamesAppearing": 561,
      "bonusSuccessRate": 0.20918367346938777,
      "winnerAffinity": 0.18387909319899245,
      "avgBonusVp": 1
    },
    "2": {
      "name": "The High Priestess",
      "purchased": 376,
      "purchasedByWinner": 60,
      "toTome": 378,
      "toTomeByWinner": 67,
      "actionPlayed": 0,
      "wildPlayed": 164,
      "bonusScored": 272,
      "bonusFailed": 563,
      "bonusVpTotal": 272,
      "bonusScoredByWinner": 71,
      "gamesAppearing": 574,
      "bonusSuccessRate": 0.325748502994012,
      "winnerAffinity": 0.1595744680851064,
      "avgBonusVp": 1
    },
    "3": {
      "name": "The Empress (3)",
      "purchased": 399,
      "purchasedByWinner": 49,
      "toTome": 369,
      "toTomeByWinner": 41,
      "actionPlayed": 0,
      "wildPlayed": 136,
      "bonusScored": 224,
      "bonusFailed": 559,
      "bonusVpTotal": 224,
      "bonusScoredByWinner": 36,
      "gamesAppearing": 556,
      "bonusSuccessRate": 0.28607918263090676,
      "winnerAffinity": 0.12280701754385964,
      "avgBonusVp": 1
    },
    "4": {
      "name": "The Emperor",
      "purchased": 368,
      "purchasedByWinner": 53,
      "toTome": 351,
      "toTomeByWinner": 44,
      "actionPlayed": 0,
      "wildPlayed": 179,
      "bonusScored": 257,
      "bonusFailed": 551,
      "bonusVpTotal": 257,
      "bonusScoredByWinner": 70,
      "gamesAppearing": 553,
      "bonusSuccessRate": 0.3180693069306931,
      "winnerAffinity": 0.14402173913043478,
      "avgBonusVp": 1
    },
    "5": {
      "name": "The Hierophant",
      "purchased": 476,
      "purchasedByWinner": 75,
      "toTome": 440,
      "toTomeByWinner": 52,
      "actionPlayed": 0,
      "wildPlayed": 243,
      "bonusScored": 0,
      "bonusFailed": 0,
      "bonusVpTotal": 0,
      "bonusScoredByWinner": 0,
      "gamesAppearing": 657,
      "bonusSuccessRate": null,
      "winnerAffinity": 0.15756302521008403,
      "avgBonusVp": 0
    },
    "6": {
      "name": "The Lovers (6)",
      "purchased": 363,
      "purchasedByWinner": 46,
      "toTome": 355,
      "toTomeByWinner": 45,
      "actionPlayed": 0,
      "wildPlayed": 166,
      "bonusScored": 339,
      "bonusFailed": 411,
      "bonusVpTotal": 434,
      "bonusScoredByWinner": 67,
      "gamesAppearing": 523,
      "bonusSuccessRate": 0.452,
      "winnerAffinity": 0.12672176308539945,
      "avgBonusVp": 1.28023598820059
    },
    "7": {
      "name": "The Chariot (7)",
      "purchased": 314,
      "purchasedByWinner": 57,
      "toTome": 0,
      "toTomeByWinner": 0,
      "actionPlayed": 419,
      "wildPlayed": 112,
      "bonusScored": 0,
      "bonusFailed": 0,
      "bonusVpTotal": 0,
      "bonusScoredByWinner": 0,
      "gamesAppearing": 442,
      "bonusSuccessRate": null,
      "winnerAffinity": 0.18152866242038215,
      "avgBonusVp": 0
    },
    "8": {
      "name": "Strength",
      "purchased": 326,
      "purchasedByWinner": 57,
      "toTome": 0,
      "toTomeByWinner": 0,
      "actionPlayed": 222,
      "wildPlayed": 83,
      "bonusScored": 0,
      "bonusFailed": 0,
      "bonusVpTotal": 0,
      "bonusScoredByWinner": 0,
      "gamesAppearing": 409,
      "bonusSuccessRate": null,
      "winnerAffinity": 0.17484662576687116,
      "avgBonusVp": 0
    },
    "9": {
      "name": "The Hermit",
      "purchased": 495,
      "purchasedByWinner": 62,
      "toTome": 401,
      "toTomeByWinner": 23,
      "actionPlayed": 0,
      "wildPlayed": 213,
      "bonusScored": 94,
      "bonusFailed": 0,
      "bonusVpTotal": 94,
      "bonusScoredByWinner": 19,
      "gamesAppearing": 657,
      "bonusSuccessRate": 1,
      "winnerAffinity": 0.12525252525252525,
      "avgBonusVp": 1
    },
    "10": {
      "name": "Wheel of Fortune",
      "purchased": 537,
      "purchasedByWinner": 46,
      "toTome": 0,
      "toTomeByWinner": 0,
      "actionPlayed": 374,
      "wildPlayed": 180,
      "bonusScored": 0,