{
  "config": {
    "games": 100,
    "players": 4,
    "extended": false,
    "aiAssignment": "diverse"
  },
  "totalGames": 100,
  "errors": 0,
  "aiWinRates": {
    "Celestial": {
      "wins": 21,
      "games": 84,
      "winRate": 0.25,
      "ci95": [
        0.16972188801500593,
        0.35214474465106566
      ]
    },
    "Controller": {
      "wins": 26,
      "games": 77,
      "winRate": 0.33766233766233766,
      "ci95": [
        0.24199766918027013,
        0.4487556063610354
      ]
    },
    "Opportunist": {
      "wins": 36,
      "games": 83,
      "winRate": 0.43373493975903615,
      "ci95": [
        0.33238992463542916,
        0.5409426717239195
      ]
    },
    "Aggressor": {
      "wins": 4,
      "games": 81,
      "winRate": 0.04938271604938271,
      "ci95": [
        0.01936899210168111,
        0.12020404753924974
      ]
    },
    "Builder": {
      "wins": 13,
      "games": 75,
      "winRate": 0.17333333333333334,
      "ci95": [
        0.10419048023286545,
        0.2743102097582053
      ]
    }
  },
  "gameEndReasons": {
    "death_revealed": 71,
    "celestial_win": 6,
    "death_purchased": 23
  },
  "celestialWinRate": {
    "count": 6,
    "rate": 0.06
  },
  "averageGameLength": {
    "mean": 6.64,
    "median": 7,
    "min": 2,
    "max": 11,
    "stddev": 2.3516802503741876
  },
  "vpDistribution": {
    "all": {
      "mean": 13.62,
      "median": 13,
      "stddev": 9.98,
      "min": 0,
      "max": 53
    },
    "winners": {
      "mean": 22.31,
      "median": 21,
      "stddev": 10.11,
      "min": 5,
      "max": 53
    }
  },
  "firstPlayerAdvantage": {
    "position_0": {
      "wins": 23,
      "games": 100,
      "winRate": 0.23
    },
    "position_1": {
      "wins": 22,
      "games": 100,
      "winRate": 0.22
    },
    "position_2": {
      "wins": 32,
      "games": 100,
      "winRate": 0.32
    },
    "position_3": {
      "wins": 23,
      "games": 100,
      "winRate": 0.23
    }
  },
  "strategyEffectiveness": {
    "Celestial": {
      "avgVp": 12.83,
      "totalGames": 84
    },
    "Controller": {
      "avgVp": 15.38,
      "totalGames": 77
    },
    "Opportunist": {
      "avgVp": 19.51,
      "totalGames": 83
    },
    "Aggressor": {
      "avgVp": 6.25,
      "totalGames": 81
    },
    "Builder": {
      "avgVp": 14.13,
      "totalGames": 75
    }
  },
  "cardStats": {
    "0": {
      "name": "The Fool",
      "purchased": 32,
      "purchasedByWinner": 4,
      "toTome": 28,
      "toTomeByWinner": 5,
      "actionPlayed": 0,
      "wildPlayed": 11,
      "bonusScored": 11,
      "bonusFailed": 71,
      "bonusVpTotal": 11,
      "bonusScoredByWinner": 1,
      "gamesAppearing": 46,
      "bonusSuccessRate": 0.13414634146341464,
      "winnerAffinity": 0.125,
      "avgBonusVp": 1
    },
    "1": {
      "name": "The Magician",
      "purchased": 33,
      "purchasedByWinner": 2,
      "toTome": 29,
      "toTomeByWinner": 6,
      "actionPlayed": 0,
      "wildPlayed": 7,
      "bonusScored": 19,
      "bonusFailed": 57,
      "bonusVpTotal": 19,
      "bonusScoredByWinner": 4,
      "gamesAppearing": 46,
      "bonusSuccessRate": 0.25,
      "winnerAffinity": 0.06060606060606061,
      "avgBonusVp": 1
    },
    "2": {
      "name": "The High Priestess",
      "purchased": 34,
      "purchasedByWinner": 3,
      "toTome": 24,
      "toTomeByWinner": 4,
      "actionPlayed": 0,
      "wildPlayed": 7,
      "bonusScored": 28,
      "bonusFailed": 69,
      "bonusVpTotal": 28,
      "bonusScoredByWinner": 3,
      "gamesAppearing": 48,
      "bonusSuccessRate": 0.28865979381443296,
      "winnerAffinity": 0.08823529411764706,
      "avgBonusVp": 1
    },
    "3": {
      "name": "The Empress",
      "purchased": 29,
      "purchasedByWinner": 2,
      "toTome": 33,
      "toTomeByWinner": 7,
      "actionPlayed": 0,
      "wildPlayed": 8,
      "bonusScored": 30,
      "bonusFailed": 48,
      "bonusVpTotal": 30,
      "bonusScoredByWinner": 12,
      "gamesAppearing": 49,
      "bonusSuccessRate": 0.38461538461538464,
      "winnerAffinity": 0.06896551724137931,
      "avgBonusVp": 1
    },
    "4": {
      "name": "The Emperor",
      "purchased": 31,
      "purchasedByWinner": 4,
      "toTome": 25,
      "toTomeByWinner": 10,
      "actionPlayed": 0,
      "wildPlayed": 13,
      "bonusScored": 27,
      "bonusFailed": 42,
      "bonusVpTotal": 27,
      "bonusScoredByWinner": 17,
      "gamesAppearing": 45,
      "bonusSuccessRate": 0.391304347826087,
      "winnerAffinity": 0.12903225806451613,
      "avgBonusVp": 1
    },
    "5": {
      "name": "The Hierophant",
      "purchased": 27,
      "purchasedByWinner": 3,
      "toTome": 26,
      "toTomeByWinner": 8,
      "actionPlayed": 0,
      "wildPlayed": 15,
      "bonusScored": 0,
      "bonusFailed": 0,
      "bonusVpTotal": 0,
      "bonusScoredByWinner": 0,
      "gamesAppearing": 43,
      "bonusSuccessRate": null,
      "winnerAffinity": 0.1111111111111111,
      "avgBonusVp": 0
    },
    "6": {
      "name": "The Lovers",
      "purchased": 24,
      "purchasedByWinner": 4,
      "toTome": 40,
      "toTomeByWinner": 15,
      "actionPlayed": 0,
      "wildPlayed": 22,
      "bonusScored": 60,
      "bonusFailed": 63,
      "bonusVpTotal": 75,
      "bonusScoredByWinner": 30,
      "gamesAppearing": 55,
      "bonusSuccessRate": 0.4878048780487805,
      "winnerAffinity": 0.16666666666666666,
      "avgBonusVp": 1.25
    },
    "7": {
      "name": "The Chariot",
      "purchased": 31,
      "purchasedByWinner": 8,
      "toTome": 0,
      "toTomeByWinner": 0,
      "actionPlayed": 67,
      "wildPlayed": 7,
      "bonusScored": 0,
      "bonusFailed": 0,
      "bonusVpTotal": 0,
      "bonusScoredByWinner": 0,
      "gamesAppearing": 49,
      "bonusSuccessRate": null,
      "winnerAffinity": 0.25806451612903225,
      "avgBonusVp": 0
    },
    "8": {
      "name": "Strength",
      "purchased": 30,
      "purchasedByWinner": 6,
      "toTome": 0,
      "toTomeByWinner": 0,
      "actionPlayed": 32,
      "wildPlayed": 5,
      "bonusScored": 0,
      "bonusFailed": 0,
      "bonusVpTotal": 0,
      "bonusScoredByWinner": 0,
      "gamesAppearing": 39,
      "bonusSuccessRate": null,
      "winnerAffinity": 0.2,
      "avgBonusVp": 0
    },
    "9": {
      "name": "The Hermit",
      "purchased": 40,
      "purchasedByWinner": 8,
      "toTome": 27,
      "toTomeByWinner": 8,
      "actionPlayed": 0,
      "wildPlayed": 10,
      "bonusScored": 17,
      "bonusFailed": 0,
      "bonusVpTotal": 17,
      "bonusScoredByWinner": 6,
      "gamesAppearing": 52,
      "bonusSuccessRate": 1,
      "winnerAffinity": 0.2,
      "avgBonusVp": 1
    },
    "10": {
      "name": "Wheel of Fortune",
      "purchased": 23,
      "purchasedByWinner": 4,
      "toTome": 0,
      "toTomeByWinner": 0,
      "actionPlayed": 0,
      "wildPlayed": 8,
      "bonusScored": 0,
      "bonusFailed": 0,
      "bonusVpTotal": 0,
      "bonusScoredByWinner": 0,
      "gamesAppearing": 30,
      "bonusSuccessRate": null,
      "winnerAffinity": 0.17391304347826086,
      "avgBonusVp": 0
    },
    "11": {
      "name": "Justice",
      "purchased": 25,
      "purchasedByWinner": 6,
      "toTome": 29,
      "toTomeByWinner": 8,
      "actionPlayed": 0,
      "wildPlayed": 7,
      "bonusScored": 31,
      "bonusFailed": 53,
      "bonusVpTotal": 31,
      "bonusScoredByWinner": 5,
      "gamesAppearing": 43,
      "bonusSuccessRate": 0.36904761904761907,
      "winnerAffinity": 0.24,
      "avgBonusVp": 1
    },
    "12": {
      "name": "The Hanged Man",
      "purchased": 24,
      "purchasedByWinner": 6,
      "toTome": 0,
      "toTomeByWinner": 0,
      "actionPlayed": 17,
      "wildPlayed": 5,
      "bonusScored": 0,
      "bonusFailed": 0,
      "bonusVpTotal": 0,
      "bonusScoredByWinner": 0,
      "gamesAppearing": 31,
      "bonusSuccessRate": null,
      "winnerAffinity": 0.25,
      "avgBonusVp": 0
    },